image,filename,model,class_name,source_class_id,raw_label,eval_label,confidence,x1,y1,x2,y2
/content/Construction-Site-Safety-1/test/images/-1691-_png_jpg.rf.7f031ecb65a9b5a268ff5e9b33a08936.jpg,-1691-_png_jpg.rf.7f031ecb65a9b5a268ff5e9b33a08936.jpg,Florence-2,person,,person,0.0,1.0,0.0,221.0,119.0,415.0
/content/Construction-Site-Safety-1/test/images/-1691-_png_jpg.rf.7f031ecb65a9b5a268ff5e9b33a08936.jpg,-1691-_png_jpg.rf.7f031ecb65a9b5a268ff5e9b33a08936.jpg,Florence-2,person,,person,0.0,1.0,153.0,112.0,244.0,260.0
/content/Construction-Site-Safety-1/test/images/-1691-_png_jpg.rf.7f031ecb65a9b5a268ff5e9b33a08936.jpg,-1691-_png_jpg.rf.7f031ecb65a9b5a268ff5e9b33a08936.jpg,Florence-2,hard hat,,hard hat,1.0,1.0,37.0,221.0,73.0,245.0
/content/Construction-Site-Safety-1/test/images/-1691-_png_jpg.rf.7f031ecb65a9b5a268ff5e9b33a08936.jpg,-1691-_png_jpg.rf.7f031ecb65a9b5a268ff5e9b33a08936.jpg,Florence-2,hard hat,,hard hat,1.0,1.0,0.0,221.0,30.0,245.0
/content/Construction-Site-Safety-1/test/images/-1691-_png_jpg.rf.7f031ecb65a9b5a268ff5e9b33a08936.jpg,-1691-_png_jpg.rf.7f031ecb65a9b5a268ff5e9b33a08936.jpg,Florence-2,hard hat,,hard hat,1.0,1.0,186.0,222.0,216.0,248.0
/content/Construction-Site-Safety-1/test/images/-1691-_png_jpg.rf.7f031ecb65a9b5a268ff5e9b33a08936.jpg,-1691-_png_jpg.rf.7f031ecb65a9b5a268ff5e9b33a08936.jpg,Florence-2,hard hat,,hard hat,1.0,1.0,105.0,225.0,132.0,245.0
/content/Construction-Site-Safety-1/test/images/-1691-_png_jpg.rf.7f031ecb65a9b5a268ff5e9b33a08936.jpg,-1691-_png_jpg.rf.7f031ecb65a9b5a268ff5e9b33a08936.jpg,Florence-2,head,,head,,1.0,0.0,221.0,30.0,245.0
/content/Construction-Site-Safety-1/test/images/-1691-_png_jpg.rf.7f031ecb65a9b5a268ff5e9b33a08936.jpg,-1691-_png_jpg.rf.7f031ecb65a9b5a268ff5e9b33a08936.jpg,Florence-2,head,,head,,1.0,37.0,221.0,73.0,245.0
/content/Construction-Site-Safety-1/test/images/-1691-_png_jpg.rf.7f031ecb65a9b5a268ff5e9b33a08936.jpg,-1691-_png_jpg.rf.7f031ecb65a9b5a268ff5e9b33a08936.jpg,Florence-2,head,,head,,1.0,186.0,222.0,216.0,248.0
/content/Construction-Site-Safety-1/test/images/-1691-_png_jpg.rf.7f031ecb65a9b5a268ff5e9b33a08936.jpg,-1691-_png_jpg.rf.7f031ecb65a9b5a268ff5e9b33a08936.jpg,Florence-2,head,,head,,1.0,153.0,122.0,179.0,149.0
/content/Construction-Site-Safety-1/test/images/-1691-_png_jpg.rf.7f031ecb65a9b5a268ff5e9b33a08936.jpg,-1691-_png_jpg.rf.7f031ecb65a9b5a268ff5e9b33a08936.jpg,Florence-2,head,,head,,1.0,105.0,225.0,132.0,245.0
/content/Construction-Site-Safety-1/test/images/construction-1159-_jpg.rf.f9a51910ef9772d402665f109a955a27.jpg,construction-1159-_jpg.rf.f9a51910ef9772d402665f109a955a27.jpg,Florence-2,person,,person,0.0,1.0,51.0,265.0,1252.0,1078.0
/content/Construction-Site-Safety-1/test/images/construction-1159-_jpg.rf.f9a51910ef9772d402665f109a955a27.jpg,construction-1159-_jpg.rf.f9a51910ef9772d402665f109a955a27.jpg,Florence-2,hard hat,,hard hat,1.0,1.0,51.0,265.0,1251.0,1078.0
/content/Construction-Site-Safety-1/test/images/construction-1159-_jpg.rf.f9a51910ef9772d402665f109a955a27.jpg,construction-1159-_jpg.rf.f9a51910ef9772d402665f109a955a27.jpg,Florence-2,head,,head,,1.0,51.0,265.0,1251.0,1078.0
/content/Construction-Site-Safety-1/test/images/construction-800-_jpg.rf.3e623dab5048af57e489baf5b5bbfbc6.jpg,construction-800-_jpg.rf.3e623dab5048af57e489baf5b5bbfbc6.jpg,Florence-2,person,,person,0.0,1.0,75.0,103.0,748.0,515.0
/content/Construction-Site-Safety-1/test/images/construction-800-_jpg.rf.3e623dab5048af57e489baf5b5bbfbc6.jpg,construction-800-_jpg.rf.3e623dab5048af57e489baf5b5bbfbc6.jpg,Florence-2,person,,person,0.0,1.0,76.0,104.0,586.0,515.0
/content/Construction-Site-Safety-1/test/images/construction-800-_jpg.rf.3e623dab5048af57e489baf5b5bbfbc6.jpg,construction-800-_jpg.rf.3e623dab5048af57e489baf5b5bbfbc6.jpg,Florence-2,hard hat,,hard hat,1.0,1.0,76.0,103.0,583.0,515.0
/content/Construction-Site-Safety-1/test/images/construction-800-_jpg.rf.3e623dab5048af57e489baf5b5bbfbc6.jpg,construction-800-_jpg.rf.3e623dab5048af57e489baf5b5bbfbc6.jpg,Florence-2,head,,head,,1.0,76.0,103.0,584.0,515.0
/content/Construction-Site-Safety-1/test/images/-4405-_png_jpg.rf.95b9a914397cbbf07d4fd49099fe7caa.jpg,-4405-_png_jpg.rf.95b9a914397cbbf07d4fd49099fe7caa.jpg,Florence-2,person,,person,0.0,1.0,200.0,237.0,260.0,294.0
/content/Construction-Site-Safety-1/test/images/-4405-_png_jpg.rf.95b9a914397cbbf07d4fd49099fe7caa.jpg,-4405-_png_jpg.rf.95b9a914397cbbf07d4fd49099fe7caa.jpg,Florence-2,hard hat,,hard hat,1.0,1.0,210.0,238.0,227.0,254.0
/content/Construction-Site-Safety-1/test/images/-4405-_png_jpg.rf.95b9a914397cbbf07d4fd49099fe7caa.jpg,-4405-_png_jpg.rf.95b9a914397cbbf07d4fd49099fe7caa.jpg,Florence-2,head,,head,,1.0,0.0,0.0,415.0,415.0
/content/Construction-Site-Safety-1/test/images/-4405-_png_jpg.rf.95b9a914397cbbf07d4fd49099fe7caa.jpg,-4405-_png_jpg.rf.95b9a914397cbbf07d4fd49099fe7caa.jpg,Florence-2,head,,head,,1.0,0.0,0.0,375.0,233.0
/content/Construction-Site-Safety-1/test/images/construction-275-_jpg.rf.c6971ef01c147c0e5d95a2ae5cad0ae3.jpg,construction-275-_jpg.rf.c6971ef01c147c0e5d95a2ae5cad0ae3.jpg,Florence-2,person,,person,0.0,1.0,114.0,16.0,281.0,171.0
/content/Construction-Site-Safety-1/test/images/construction-275-_jpg.rf.c6971ef01c147c0e5d95a2ae5cad0ae3.jpg,construction-275-_jpg.rf.c6971ef01c147c0e5d95a2ae5cad0ae3.jpg,Florence-2,hard hat,,hard hat,1.0,1.0,115.0,17.0,208.0,155.0
/content/Construction-Site-Safety-1/test/images/construction-275-_jpg.rf.c6971ef01c147c0e5d95a2ae5cad0ae3.jpg,construction-275-_jpg.rf.c6971ef01c147c0e5d95a2ae5cad0ae3.jpg,Florence-2,head,,head,,1.0,114.0,17.0,280.0,170.0
/content/Construction-Site-Safety-1/test/images/IMG_1493_mp4-0_jpg.rf.a5963d9114a6c2982134b758374cfd74.jpg,IMG_1493_mp4-0_jpg.rf.a5963d9114a6c2982134b758374cfd74.jpg,Florence-2,person,,person,0.0,1.0,0.0,707.0,1078.0,1917.0
/content/Construction-Site-Safety-1/test/images/IMG_1493_mp4-0_jpg.rf.a5963d9114a6c2982134b758374cfd74.jpg,IMG_1493_mp4-0_jpg.rf.a5963d9114a6c2982134b758374cfd74.jpg,Florence-2,hard hat,,hard hat,1.0,1.0,0.0,709.0,1078.0,1917.0
/content/Construction-Site-Safety-1/test/images/IMG_1493_mp4-0_jpg.rf.a5963d9114a6c2982134b758374cfd74.jpg,IMG_1493_mp4-0_jpg.rf.a5963d9114a6c2982134b758374cfd74.jpg,Florence-2,head,,head,,1.0,0.0,707.0,1078.0,1917.0
/content/Construction-Site-Safety-1/test/images/IMG_1493_mp4-0_jpg.rf.a5963d9114a6c2982134b758374cfd74.jpg,IMG_1493_mp4-0_jpg.rf.a5963d9114a6c2982134b758374cfd74.jpg,Florence-2,head,,head,,1.0,322.0,707.0,823.0,1402.0
/content/Construction-Site-Safety-1/test/images/construction-2-_mp4-162_jpg.rf.edc08e7528429b4315f59637aaf65cf0.jpg,construction-2-_mp4-162_jpg.rf.edc08e7528429b4315f59637aaf65cf0.jpg,Florence-2,person,,person,0.0,1.0,0.0,72.0,1197.0,519.0
/content/Construction-Site-Safety-1/test/images/construction-2-_mp4-162_jpg.rf.edc08e7528429b4315f59637aaf65cf0.jpg,construction-2-_mp4-162_jpg.rf.edc08e7528429b4315f59637aaf65cf0.jpg,Florence-2,hard hat,,hard hat,1.0,1.0,0.0,73.0,1196.0,518.0
/content/Construction-Site-Safety-1/test/images/construction-2-_mp4-162_jpg.rf.edc08e7528429b4315f59637aaf65cf0.jpg,construction-2-_mp4-162_jpg.rf.edc08e7528429b4315f59637aaf65cf0.jpg,Florence-2,head,,head,,1.0,0.0,72.0,1194.0,518.0
/content/Construction-Site-Safety-1/test/images/004763_jpg.rf.fe52e7fe5116697aa5a9685f73bde54f.jpg,004763_jpg.rf.fe52e7fe5116697aa5a9685f73bde54f.jpg,Florence-2,person,,person,0.0,1.0,1.0,26.0,197.0,285.0
/content/Construction-Site-Safety-1/test/images/004763_jpg.rf.fe52e7fe5116697aa5a9685f73bde54f.jpg,004763_jpg.rf.fe52e7fe5116697aa5a9685f73bde54f.jpg,Florence-2,person,,person,0.0,1.0,248.0,35.0,421.0,285.0
/content/Construction-Site-Safety-1/test/images/004763_jpg.rf.fe52e7fe5116697aa5a9685f73bde54f.jpg,004763_jpg.rf.fe52e7fe5116697aa5a9685f73bde54f.jpg,Florence-2,person,,person,0.0,1.0,144.0,59.0,254.0,285.0
/content/Construction-Site-Safety-1/test/images/004763_jpg.rf.fe52e7fe5116697aa5a9685f73bde54f.jpg,004763_jpg.rf.fe52e7fe5116697aa5a9685f73bde54f.jpg,Florence-2,hard hat,,hard hat,1.0,1.0,35.0,26.0,173.0,119.0
/content/Construction-Site-Safety-1/test/images/004763_jpg.rf.fe52e7fe5116697aa5a9685f73bde54f.jpg,004763_jpg.rf.fe52e7fe5116697aa5a9685f73bde54f.jpg,Florence-2,hard hat,,hard hat,1.0,1.0,148.0,59.0,220.0,110.0
/content/Construction-Site-Safety-1/test/images/004763_jpg.rf.fe52e7fe5116697aa5a9685f73bde54f.jpg,004763_jpg.rf.fe52e7fe5116697aa5a9685f73bde54f.jpg,Florence-2,hard hat,,hard hat,1.0,1.0,270.0,35.0,345.0,84.0
/content/Construction-Site-Safety-1/test/images/004763_jpg.rf.fe52e7fe5116697aa5a9685f73bde54f.jpg,004763_jpg.rf.fe52e7fe5116697aa5a9685f73bde54f.jpg,Florence-2,head,,head,,1.0,36.0,26.0,173.0,119.0
/content/Construction-Site-Safety-1/test/images/construction-597-_jpg.rf.9ddd911d5f3d52dbb9d39f53a586e727.jpg,construction-597-_jpg.rf.9ddd911d5f3d52dbb9d39f53a586e727.jpg,Florence-2,person,,person,0.0,1.0,159.0,59.0,434.0,280.0
/content/Construction-Site-Safety-1/test/images/construction-597-_jpg.rf.9ddd911d5f3d52dbb9d39f53a586e727.jpg,construction-597-_jpg.rf.9ddd911d5f3d52dbb9d39f53a586e727.jpg,Florence-2,hard hat,,hard hat,1.0,1.0,159.0,59.0,434.0,280.0
/content/Construction-Site-Safety-1/test/images/construction-597-_jpg.rf.9ddd911d5f3d52dbb9d39f53a586e727.jpg,construction-597-_jpg.rf.9ddd911d5f3d52dbb9d39f53a586e727.jpg,Florence-2,head,,head,,1.0,159.0,59.0,434.0,280.0
/content/Construction-Site-Safety-1/test/images/003434_jpg.rf.f14e56632cf72dd6423783b0e1e682d0.jpg,003434_jpg.rf.f14e56632cf72dd6423783b0e1e682d0.jpg,Florence-2,person,,person,0.0,1.0,198.0,147.0,269.0,359.0
/content/Construction-Site-Safety-1/test/images/003434_jpg.rf.f14e56632cf72dd6423783b0e1e682d0.jpg,003434_jpg.rf.f14e56632cf72dd6423783b0e1e682d0.jpg,Florence-2,hard hat,,hard hat,1.0,1.0,203.0,147.0,269.0,198.0
/content/Construction-Site-Safety-1/test/images/003434_jpg.rf.f14e56632cf72dd6423783b0e1e682d0.jpg,003434_jpg.rf.f14e56632cf72dd6423783b0e1e682d0.jpg,Florence-2,head,,head,,1.0,203.0,147.0,269.0,243.0
/content/Construction-Site-Safety-1/test/images/003434_jpg.rf.f14e56632cf72dd6423783b0e1e682d0.jpg,003434_jpg.rf.f14e56632cf72dd6423783b0e1e682d0.jpg,Florence-2,head,,head,,1.0,203.0,147.0,269.0,198.0
/content/Construction-Site-Safety-1/test/images/006672_jpg.rf.d7a5c60bd071ef8683101a6f77343c63.jpg,006672_jpg.rf.d7a5c60bd071ef8683101a6f77343c63.jpg,Florence-2,person,,person,0.0,1.0,325.0,186.0,392.0,332.0
/content/Construction-Site-Safety-1/test/images/006672_jpg.rf.d7a5c60bd071ef8683101a6f77343c63.jpg,006672_jpg.rf.d7a5c60bd071ef8683101a6f77343c63.jpg,Florence-2,person,,person,0.0,1.0,99.0,212.0,175.0,332.0
/content/Construction-Site-Safety-1/test/images/006672_jpg.rf.d7a5c60bd071ef8683101a6f77343c63.jpg,006672_jpg.rf.d7a5c60bd071ef8683101a6f77343c63.jpg,Florence-2,person,,person,0.0,1.0,243.0,203.0,313.0,332.0
/content/Construction-Site-Safety-1/test/images/006672_jpg.rf.d7a5c60bd071ef8683101a6f77343c63.jpg,006672_jpg.rf.d7a5c60bd071ef8683101a6f77343c63.jpg,Florence-2,person,,person,0.0,1.0,76.0,192.0,131.0,332.0
/content/Construction-Site-Safety-1/test/images/006672_jpg.rf.d7a5c60bd071ef8683101a6f77343c63.jpg,006672_jpg.rf.d7a5c60bd071ef8683101a6f77343c63.jpg,Florence-2,person,,person,0.0,1.0,167.0,193.0,216.0,332.0
/content/Construction-Site-Safety-1/test/images/006672_jpg.rf.d7a5c60bd071ef8683101a6f77343c63.jpg,006672_jpg.rf.d7a5c60bd071ef8683101a6f77343c63.jpg,Florence-2,person,,person,0.0,1.0,220.0,207.0,267.0,332.0
/content/Construction-Site-Safety-1/test/images/006672_jpg.rf.d7a5c60bd071ef8683101a6f77343c63.jpg,006672_jpg.rf.d7a5c60bd071ef8683101a6f77343c63.jpg,Florence-2,hard hat,,hard hat,1.0,1.0,118.0,212.0,158.0,240.0
/content/Construction-Site-Safety-1/test/images/006672_jpg.rf.d7a5c60bd071ef8683101a6f77343c63.jpg,006672_jpg.rf.d7a5c60bd071ef8683101a6f77343c63.jpg,Florence-2,hard hat,,hard hat,1.0,1.0,264.0,203.0,295.0,228.0
/content/Construction-Site-Safety-1/test/images/006672_jpg.rf.d7a5c60bd071ef8683101a6f77343c63.jpg,006672_jpg.rf.d7a5c60bd071ef8683101a6f77343c63.jpg,Florence-2,hard hat,,hard hat,1.0,1.0,328.0,187.0,364.0,207.0
/content/Construction-Site-Safety-1/test/images/006672_jpg.rf.d7a5c60bd071ef8683101a6f77343c63.jpg,006672_jpg.rf.d7a5c60bd071ef8683101a6f77343c63.jpg,Florence-2,hard hat,,hard hat,1.0,1.0,96.0,192.0,130.0,211.0
/content/Construction-Site-Safety-1/test/images/006672_jpg.rf.d7a5c60bd071ef8683101a6f77343c63.jpg,006672_jpg.rf.d7a5c60bd071ef8683101a6f77343c63.jpg,Florence-2,hard hat,,hard hat,1.0,1.0,234.0,208.0,258.0,230.0
/content/Construction-Site-Safety-1/test/images/006672_jpg.rf.d7a5c60bd071ef8683101a6f77343c63.jpg,006672_jpg.rf.d7a5c60bd071ef8683101a6f77343c63.jpg,Florence-2,hard hat,,hard hat,1.0,1.0,184.0,194.0,205.0,207.0
/content/Construction-Site-Safety-1/test/images/006672_jpg.rf.d7a5c60bd071ef8683101a6f77343c63.jpg,006672_jpg.rf.d7a5c60bd071ef8683101a6f77343c63.jpg,Florence-2,head,,head,,1.0,117.0,212.0,157.0,240.0
/content/Construction-Site-Safety-1/test/images/006672_jpg.rf.d7a5c60bd071ef8683101a6f77343c63.jpg,006672_jpg.rf.d7a5c60bd071ef8683101a6f77343c63.jpg,Florence-2,head,,head,,1.0,263.0,204.0,295.0,228.0
/content/Construction-Site-Safety-1/test/images/006672_jpg.rf.d7a5c60bd071ef8683101a6f77343c63.jpg,006672_jpg.rf.d7a5c60bd071ef8683101a6f77343c63.jpg,Florence-2,head,,head,,1.0,95.0,192.0,129.0,211.0
/content/Construction-Site-Safety-1/test/images/006672_jpg.rf.d7a5c60bd071ef8683101a6f77343c63.jpg,006672_jpg.rf.d7a5c60bd071ef8683101a6f77343c63.jpg,Florence-2,head,,head,,1.0,234.0,208.0,257.0,230.0
/content/Construction-Site-Safety-1/test/images/construction-651-_jpg.rf.83efd7c849c41cf9a0e0b5369eeefedf.jpg,construction-651-_jpg.rf.83efd7c849c41cf9a0e0b5369eeefedf.jpg,Florence-2,person,,person,0.0,1.0,64.0,61.0,405.0,272.0
/content/Construction-Site-Safety-1/test/images/construction-651-_jpg.rf.83efd7c849c41cf9a0e0b5369eeefedf.jpg,construction-651-_jpg.rf.83efd7c849c41cf9a0e0b5369eeefedf.jpg,Florence-2,hard hat,,hard hat,1.0,1.0,64.0,61.0,405.0,272.0
/content/Construction-Site-Safety-1/test/images/construction-651-_jpg.rf.83efd7c849c41cf9a0e0b5369eeefedf.jpg,construction-651-_jpg.rf.83efd7c849c41cf9a0e0b5369eeefedf.jpg,Florence-2,head,,head,,1.0,64.0,61.0,405.0,272.0
/content/Construction-Site-Safety-1/test/images/001155_jpg.rf.3e0c8888686607216dc2dbc14b671d10.jpg,001155_jpg.rf.3e0c8888686607216dc2dbc14b671d10.jpg,Florence-2,person,,person,0.0,1.0,102.0,46.0,232.0,349.0
/content/Construction-Site-Safety-1/test/images/001155_jpg.rf.3e0c8888686607216dc2dbc14b671d10.jpg,001155_jpg.rf.3e0c8888686607216dc2dbc14b671d10.jpg,Florence-2,hard hat,,hard hat,1.0,1.0,170.0,47.0,213.0,79.0
/content/Construction-Site-Safety-1/test/images/001155_jpg.rf.3e0c8888686607216dc2dbc14b671d10.jpg,001155_jpg.rf.3e0c8888686607216dc2dbc14b671d10.jpg,Florence-2,head,,head,,1.0,170.0,46.0,213.0,79.0
/content/Construction-Site-Safety-1/test/images/mask-wearing-1632938044674_png_jpg.rf.1b03a26af457338804c4115e64040953.jpg,mask-wearing-1632938044674_png_jpg.rf.1b03a26af457338804c4115e64040953.jpg,Florence-2,person,,person,0.0,1.0,87.0,10.0,469.0,479.0
/content/Construction-Site-Safety-1/test/images/mask-wearing-1632938044674_png_jpg.rf.1b03a26af457338804c4115e64040953.jpg,mask-wearing-1632938044674_png_jpg.rf.1b03a26af457338804c4115e64040953.jpg,Florence-2,hard hat,,hard hat,1.0,1.0,393.0,49.0,411.0,69.0
/content/Construction-Site-Safety-1/test/images/mask-wearing-1632938044674_png_jpg.rf.1b03a26af457338804c4115e64040953.jpg,mask-wearing-1632938044674_png_jpg.rf.1b03a26af457338804c4115e64040953.jpg,Florence-2,head,,head,,1.0,198.0,10.0,376.0,285.0
/content/Construction-Site-Safety-1/test/images/construction-639-_jpg.rf.fd330cae93414106cdd1b97a1657d11a.jpg,construction-639-_jpg.rf.fd330cae93414106cdd1b97a1657d11a.jpg,Florence-2,person,,person,0.0,1.0,11.0,8.0,434.0,289.0
/content/Construction-Site-Safety-1/test/images/construction-639-_jpg.rf.fd330cae93414106cdd1b97a1657d11a.jpg,construction-639-_jpg.rf.fd330cae93414106cdd1b97a1657d11a.jpg,Florence-2,hard hat,,hard hat,1.0,1.0,11.0,8.0,433.0,289.0
/content/Construction-Site-Safety-1/test/images/construction-639-_jpg.rf.fd330cae93414106cdd1b97a1657d11a.jpg,construction-639-_jpg.rf.fd330cae93414106cdd1b97a1657d11a.jpg,Florence-2,head,,head,,1.0,11.0,8.0,433.0,289.0
/content/Construction-Site-Safety-1/test/images/construction-192-_jpg.rf.2d98888520be4e9169c95e84b0c2f048.jpg,construction-192-_jpg.rf.2d98888520be4e9169c95e84b0c2f048.jpg,Florence-2,person,,person,0.0,1.0,175.0,66.0,449.0,299.0
/content/Construction-Site-Safety-1/test/images/construction-192-_jpg.rf.2d98888520be4e9169c95e84b0c2f048.jpg,construction-192-_jpg.rf.2d98888520be4e9169c95e84b0c2f048.jpg,Florence-2,hard hat,,hard hat,1.0,1.0,175.0,66.0,449.0,299.0
/content/Construction-Site-Safety-1/test/images/construction-192-_jpg.rf.2d98888520be4e9169c95e84b0c2f048.jpg,construction-192-_jpg.rf.2d98888520be4e9169c95e84b0c2f048.jpg,Florence-2,head,,head,,1.0,175.0,66.0,449.0,299.0
/content/Construction-Site-Safety-1/test/images/-2953-_png_jpg.rf.0276561f4a2aadc86c8f3c37fb6e7acc.jpg,-2953-_png_jpg.rf.0276561f4a2aadc86c8f3c37fb6e7acc.jpg,Florence-2,person,,person,0.0,1.0,229.0,229.0,296.0,365.0
/content/Construction-Site-Safety-1/test/images/-2953-_png_jpg.rf.0276561f4a2aadc86c8f3c37fb6e7acc.jpg,-2953-_png_jpg.rf.0276561f4a2aadc86c8f3c37fb6e7acc.jpg,Florence-2,person,,person,0.0,1.0,387.0,253.0,414.0,363.0
/content/Construction-Site-Safety-1/test/images/-2953-_png_jpg.rf.0276561f4a2aadc86c8f3c37fb6e7acc.jpg,-2953-_png_jpg.rf.0276561f4a2aadc86c8f3c37fb6e7acc.jpg,Florence-2,hard hat,,hard hat,1.0,1.0,240.0,230.0,261.0,242.0
/content/Construction-Site-Safety-1/test/images/-2953-_png_jpg.rf.0276561f4a2aadc86c8f3c37fb6e7acc.jpg,-2953-_png_jpg.rf.0276561f4a2aadc86c8f3c37fb6e7acc.jpg,Florence-2,head,,head,,1.0,240.0,230.0,261.0,242.0
/content/Construction-Site-Safety-1/test/images/NX_img_177_jpg.rf.ce6664324494f1b3c9e13f45911e452c.jpg,NX_img_177_jpg.rf.ce6664324494f1b3c9e13f45911e452c.jpg,Florence-2,person,,person,0.0,1.0,104.0,266.0,384.0,718.0
/content/Construction-Site-Safety-1/test/images/NX_img_177_jpg.rf.ce6664324494f1b3c9e13f45911e452c.jpg,NX_img_177_jpg.rf.ce6664324494f1b3c9e13f45911e452c.jpg,Florence-2,person,,person,0.0,1.0,186.0,0.0,472.0,330.0
/content/Construction-Site-Safety-1/test/images/NX_img_177_jpg.rf.ce6664324494f1b3c9e13f45911e452c.jpg,NX_img_177_jpg.rf.ce6664324494f1b3c9e13f45911e452c.jpg,Florence-2,hard hat,,hard hat,1.0,1.0,305.0,0.0,393.0,60.0
/content/Construction-Site-Safety-1/test/images/NX_img_177_jpg.rf.ce6664324494f1b3c9e13f45911e452c.jpg,NX_img_177_jpg.rf.ce6664324494f1b3c9e13f45911e452c.jpg,Florence-2,head,,head,,1.0,305.0,0.0,393.0,60.0
/content/Construction-Site-Safety-1/test/images/-3141-_png_jpg.rf.a3d7c1dd7b2d893f0f9d28bb05e2822d.jpg,-3141-_png_jpg.rf.a3d7c1dd7b2d893f0f9d28bb05e2822d.jpg,Florence-2,person,,person,0.0,1.0,138.0,110.0,415.0,414.0
/content/Construction-Site-Safety-1/test/images/-3141-_png_jpg.rf.a3d7c1dd7b2d893f0f9d28bb05e2822d.jpg,-3141-_png_jpg.rf.a3d7c1dd7b2d893f0f9d28bb05e2822d.jpg,Florence-2,hard hat,,hard hat,1.0,1.0,162.0,110.0,293.0,218.0
/content/Construction-Site-Safety-1/test/images/-3141-_png_jpg.rf.a3d7c1dd7b2d893f0f9d28bb05e2822d.jpg,-3141-_png_jpg.rf.a3d7c1dd7b2d893f0f9d28bb05e2822d.jpg,Florence-2,head,,head,,1.0,161.0,110.0,307.0,276.0
/content/Construction-Site-Safety-1/test/images/-3141-_png_jpg.rf.a3d7c1dd7b2d893f0f9d28bb05e2822d.jpg,-3141-_png_jpg.rf.a3d7c1dd7b2d893f0f9d28bb05e2822d.jpg,Florence-2,head,,head,,1.0,162.0,110.0,307.0,225.0
/content/Construction-Site-Safety-1/test/images/construction-2-_mp4-13_jpg.rf.dcfc8cd7a7c9f6109ff18cab2b50f6bc.jpg,construction-2-_mp4-13_jpg.rf.dcfc8cd7a7c9f6109ff18cab2b50f6bc.jpg,Florence-2,person,,person,0.0,1.0,472.0,261.0,1119.0,684.0
/content/Construction-Site-Safety-1/test/images/construction-2-_mp4-13_jpg.rf.dcfc8cd7a7c9f6109ff18cab2b50f6bc.jpg,construction-2-_mp4-13_jpg.rf.dcfc8cd7a7c9f6109ff18cab2b50f6bc.jpg,Florence-2,hard hat,,hard hat,1.0,1.0,472.0,261.0,1118.0,684.0
/content/Construction-Site-Safety-1/test/images/construction-2-_mp4-13_jpg.rf.dcfc8cd7a7c9f6109ff18cab2b50f6bc.jpg,construction-2-_mp4-13_jpg.rf.dcfc8cd7a7c9f6109ff18cab2b50f6bc.jpg,Florence-2,head,,head,,1.0,472.0,261.0,1119.0,684.0
/content/Construction-Site-Safety-1/test/images/image_55_jpg.rf.7280e7e8fa097072b2cf5cb0fabd80fa.jpg,image_55_jpg.rf.7280e7e8fa097072b2cf5cb0fabd80fa.jpg,Florence-2,person,,person,0.0,1.0,146.0,60.0,319.0,471.0
/content/Construction-Site-Safety-1/test/images/image_55_jpg.rf.7280e7e8fa097072b2cf5cb0fabd80fa.jpg,image_55_jpg.rf.7280e7e8fa097072b2cf5cb0fabd80fa.jpg,Florence-2,hard hat,,hard hat,1.0,1.0,189.0,60.0,246.0,100.0
/content/Construction-Site-Safety-1/test/images/image_55_jpg.rf.7280e7e8fa097072b2cf5cb0fabd80fa.jpg,image_55_jpg.rf.7280e7e8fa097072b2cf5cb0fabd80fa.jpg,Florence-2,head,,head,,1.0,189.0,61.0,247.0,140.0
/content/Construction-Site-Safety-1/test/images/image_55_jpg.rf.7280e7e8fa097072b2cf5cb0fabd80fa.jpg,image_55_jpg.rf.7280e7e8fa097072b2cf5cb0fabd80fa.jpg,Florence-2,head,,head,,1.0,190.0,61.0,246.0,100.0
/content/Construction-Site-Safety-1/test/images/000005_jpg.rf.1dff56de01dcdb0f0b43816560736672.jpg,000005_jpg.rf.1dff56de01dcdb0f0b43816560736672.jpg,Florence-2,person,,person,0.0,1.0,182.0,48.0,399.0,217.0
/content/Construction-Site-Safety-1/test/images/000005_jpg.rf.1dff56de01dcdb0f0b43816560736672.jpg,000005_jpg.rf.1dff56de01dcdb0f0b43816560736672.jpg,Florence-2,hard hat,,hard hat,1.0,1.0,31.0,59.0,102.0,115.0
/content/Construction-Site-Safety-1/test/images/000005_jpg.rf.1dff56de01dcdb0f0b43816560736672.jpg,000005_jpg.rf.1dff56de01dcdb0f0b43816560736672.jpg,Florence-2,head,,head,,1.0,30.0,59.0,102.0,146.0
/content/Construction-Site-Safety-1/test/images/000005_jpg.rf.1dff56de01dcdb0f0b43816560736672.jpg,000005_jpg.rf.1dff56de01dcdb0f0b43816560736672.jpg,Florence-2,head,,head,,1.0,255.0,89.0,328.0,156.0
/content/Construction-Site-Safety-1/test/images/000005_jpg.rf.1dff56de01dcdb0f0b43816560736672.jpg,000005_jpg.rf.1dff56de01dcdb0f0b43816560736672.jpg,Florence-2,head,,head,,1.0,31.0,59.0,102.0,115.0
/content/Construction-Site-Safety-1/test/images/IMG_0873_MOV-29_jpg.rf.00e6caf4b037e60be18a8eda1f66f24e.jpg,IMG_0873_MOV-29_jpg.rf.00e6caf4b037e60be18a8eda1f66f24e.jpg,Florence-2,person,,person,0.0,1.0,0.0,369.0,1078.0,1917.0
/content/Construction-Site-Safety-1/test/images/IMG_0873_MOV-29_jpg.rf.00e6caf4b037e60be18a8eda1f66f24e.jpg,IMG_0873_MOV-29_jpg.rf.00e6caf4b037e60be18a8eda1f66f24e.jpg,Florence-2,hard hat,,hard hat,1.0,1.0,0.0,369.0,1078.0,1917.0
/content/Construction-Site-Safety-1/test/images/IMG_0873_MOV-29_jpg.rf.00e6caf4b037e60be18a8eda1f66f24e.jpg,IMG_0873_MOV-29_jpg.rf.00e6caf4b037e60be18a8eda1f66f24e.jpg,Florence-2,head,,head,,1.0,309.0,371.0,845.0,1174.0
/content/Construction-Site-Safety-1/test/images/construction-843-_jpg.rf.fb01746c72b5356a4d9722b38f29fac6.jpg,construction-843-_jpg.rf.fb01746c72b5356a4d9722b38f29fac6.jpg,Florence-2,person,,person,0.0,1.0,3.0,221.0,292.0,393.0
/content/Construction-Site-Safety-1/test/images/construction-843-_jpg.rf.fb01746c72b5356a4d9722b38f29fac6.jpg,construction-843-_jpg.rf.fb01746c72b5356a4d9722b38f29fac6.jpg,Florence-2,person,,person,0.0,1.0,299.0,228.0,595.0,388.0
/content/Construction-Site-Safety-1/test/images/construction-843-_jpg.rf.fb01746c72b5356a4d9722b38f29fac6.jpg,construction-843-_jpg.rf.fb01746c72b5356a4d9722b38f29fac6.jpg,Florence-2,person,,person,0.0,1.0,302.0,40.0,593.0,181.0
/content/Construction-Site-Safety-1/test/images/construction-843-_jpg.rf.fb01746c72b5356a4d9722b38f29fac6.jpg,construction-843-_jpg.rf.fb01746c72b5356a4d9722b38f29fac6.jpg,Florence-2,person,,person,0.0,1.0,23.0,10.0,213.0,192.0
/content/Construction-Site-Safety-1/test/images/construction-843-_jpg.rf.fb01746c72b5356a4d9722b38f29fac6.jpg,construction-843-_jpg.rf.fb01746c72b5356a4d9722b38f29fac6.jpg,Florence-2,hard hat,,hard hat,1.0,1.0,110.0,10.0,212.0,69.0
/content/Construction-Site-Safety-1/test/images/construction-843-_jpg.rf.fb01746c72b5356a4d9722b38f29fac6.jpg,construction-843-_jpg.rf.fb01746c72b5356a4d9722b38f29fac6.jpg,Florence-2,head,,head,,1.0,3.0,221.0,291.0,392.0
/content/Construction-Site-Safety-1/test/images/construction-843-_jpg.rf.fb01746c72b5356a4d9722b38f29fac6.jpg,construction-843-_jpg.rf.fb01746c72b5356a4d9722b38f29fac6.jpg,Florence-2,head,,head,,1.0,299.0,228.0,594.0,387.0
/content/Construction-Site-Safety-1/test/images/construction-843-_jpg.rf.fb01746c72b5356a4d9722b38f29fac6.jpg,construction-843-_jpg.rf.fb01746c72b5356a4d9722b38f29fac6.jpg,Florence-2,head,,head,,1.0,302.0,40.0,592.0,180.0
/content/Construction-Site-Safety-1/test/images/construction-843-_jpg.rf.fb01746c72b5356a4d9722b38f29fac6.jpg,construction-843-_jpg.rf.fb01746c72b5356a4d9722b38f29fac6.jpg,Florence-2,head,,head,,1.0,23.0,10.0,213.0,192.0
/content/Construction-Site-Safety-1/test/images/construction-2-_mp4-84_jpg.rf.33dc035ad31b50143a399f673d2ac5b9.jpg,construction-2-_mp4-84_jpg.rf.33dc035ad31b50143a399f673d2ac5b9.jpg,Florence-2,person,,person,0.0,1.0,0.0,0.0,16.0,41.0
/content/Construction-Site-Safety-1/test/images/construction-2-_mp4-84_jpg.rf.33dc035ad31b50143a399f673d2ac5b9.jpg,construction-2-_mp4-84_jpg.rf.33dc035ad31b50143a399f673d2ac5b9.jpg,Florence-2,hard hat,,hard hat,1.0,1.0,499.0,268.0,1057.0,704.0
/content/Construction-Site-Safety-1/test/images/construction-2-_mp4-84_jpg.rf.33dc035ad31b50143a399f673d2ac5b9.jpg,construction-2-_mp4-84_jpg.rf.33dc035ad31b50143a399f673d2ac5b9.jpg,Florence-2,hard hat,,hard hat,1.0,1.0,298.0,88.0,714.0,477.0
/content/Construction-Site-Safety-1/test/images/construction-2-_mp4-84_jpg.rf.33dc035ad31b50143a399f673d2ac5b9.jpg,construction-2-_mp4-84_jpg.rf.33dc035ad31b50143a399f673d2ac5b9.jpg,Florence-2,head,,head,,1.0,499.0,269.0,1057.0,704.0
/content/Construction-Site-Safety-1/test/images/construction-2-_mp4-84_jpg.rf.33dc035ad31b50143a399f673d2ac5b9.jpg,construction-2-_mp4-84_jpg.rf.33dc035ad31b50143a399f673d2ac5b9.jpg,Florence-2,head,,head,,1.0,298.0,89.0,714.0,477.0
/content/Construction-Site-Safety-1/test/images/construction-675-_jpg.rf.a33df5bf7f136ece883044a3c6f49f36.jpg,construction-675-_jpg.rf.a33df5bf7f136ece883044a3c6f49f36.jpg,Florence-2,person,,person,0.0,1.0,62.0,93.0,420.0,277.0
/content/Construction-Site-Safety-1/test/images/construction-675-_jpg.rf.a33df5bf7f136ece883044a3c6f49f36.jpg,construction-675-_jpg.rf.a33df5bf7f136ece883044a3c6f49f36.jpg,Florence-2,hard hat,,hard hat,1.0,1.0,63.0,94.0,420.0,277.0
/content/Construction-Site-Safety-1/test/images/construction-675-_jpg.rf.a33df5bf7f136ece883044a3c6f49f36.jpg,construction-675-_jpg.rf.a33df5bf7f136ece883044a3c6f49f36.jpg,Florence-2,head,,head,,1.0,63.0,94.0,420.0,277.0
/content/Construction-Site-Safety-1/test/images/image_53_jpg.rf.25f641fa12c69fba55938a20b83af925.jpg,image_53_jpg.rf.25f641fa12c69fba55938a20b83af925.jpg,Florence-2,person,,person,0.0,1.0,198.0,47.0,452.0,479.0
/content/Construction-Site-Safety-1/test/images/image_53_jpg.rf.25f641fa12c69fba55938a20b83af925.jpg,image_53_jpg.rf.25f641fa12c69fba55938a20b83af925.jpg,Florence-2,hard hat,,hard hat,1.0,1.0,299.0,47.0,356.0,88.0
/content/Construction-Site-Safety-1/test/images/image_53_jpg.rf.25f641fa12c69fba55938a20b83af925.jpg,image_53_jpg.rf.25f641fa12c69fba55938a20b83af925.jpg,Florence-2,head,,head,,1.0,298.0,47.0,358.0,135.0
/content/Construction-Site-Safety-1/test/images/-2717-_png_jpg.rf.4a9c352e85d2f7d0500c6ead5c4018e0.jpg,-2717-_png_jpg.rf.4a9c352e85d2f7d0500c6ead5c4018e0.jpg,Florence-2,person,,person,0.0,1.0,112.0,203.0,178.0,414.0
/content/Construction-Site-Safety-1/test/images/-2717-_png_jpg.rf.4a9c352e85d2f7d0500c6ead5c4018e0.jpg,-2717-_png_jpg.rf.4a9c352e85d2f7d0500c6ead5c4018e0.jpg,Florence-2,person,,person,0.0,1.0,0.0,241.0,19.0,323.0
/content/Construction-Site-Safety-1/test/images/-2717-_png_jpg.rf.4a9c352e85d2f7d0500c6ead5c4018e0.jpg,-2717-_png_jpg.rf.4a9c352e85d2f7d0500c6ead5c4018e0.jpg,Florence-2,hard hat,,hard hat,1.0,1.0,141.0,203.0,174.0,228.0
/content/Construction-Site-Safety-1/test/images/-2717-_png_jpg.rf.4a9c352e85d2f7d0500c6ead5c4018e0.jpg,-2717-_png_jpg.rf.4a9c352e85d2f7d0500c6ead5c4018e0.jpg,Florence-2,head,,head,,1.0,141.0,203.0,175.0,229.0
/content/Construction-Site-Safety-1/test/images/004063_jpg.rf.feafec0025c293c6c552d50bc74a78c4.jpg,004063_jpg.rf.feafec0025c293c6c552d50bc74a78c4.jpg,Florence-2,person,,person,0.0,1.0,3.0,112.0,150.0,332.0
/content/Construction-Site-Safety-1/test/images/004063_jpg.rf.feafec0025c293c6c552d50bc74a78c4.jpg,004063_jpg.rf.feafec0025c293c6c552d50bc74a78c4.jpg,Florence-2,person,,person,0.0,1.0,142.0,144.0,208.0,330.0
/content/Construction-Site-Safety-1/test/images/004063_jpg.rf.feafec0025c293c6c552d50bc74a78c4.jpg,004063_jpg.rf.feafec0025c293c6c552d50bc74a78c4.jpg,Florence-2,person,,person,0.0,1.0,351.0,207.0,385.0,319.0
/content/Construction-Site-Safety-1/test/images/004063_jpg.rf.feafec0025c293c6c552d50bc74a78c4.jpg,004063_jpg.rf.feafec0025c293c6c552d50bc74a78c4.jpg,Florence-2,person,,person,0.0,1.0,391.0,225.0,425.0,312.0
/content/Construction-Site-Safety-1/test/images/004063_jpg.rf.feafec0025c293c6c552d50bc74a78c4.jpg,004063_jpg.rf.feafec0025c293c6c552d50bc74a78c4.jpg,Florence-2,person,,person,0.0,1.0,221.0,225.0,250.0,312.0
/content/Construction-Site-Safety-1/test/images/004063_jpg.rf.feafec0025c293c6c552d50bc74a78c4.jpg,004063_jpg.rf.feafec0025c293c6c552d50bc74a78c4.jpg,Florence-2,hard hat,,hard hat,1.0,1.0,60.0,112.0,104.0,153.0
/content/Construction-Site-Safety-1/test/images/004063_jpg.rf.feafec0025c293c6c552d50bc74a78c4.jpg,004063_jpg.rf.feafec0025c293c6c552d50bc74a78c4.jpg,Florence-2,hard hat,,hard hat,1.0,1.0,164.0,144.0,189.0,166.0
/content/Construction-Site-Safety-1/test/images/004063_jpg.rf.feafec0025c293c6c552d50bc74a78c4.jpg,004063_jpg.rf.feafec0025c293c6c552d50bc74a78c4.jpg,Florence-2,hard hat,,hard hat,1.0,1.0,358.0,207.0,375.0,221.0
/content/Construction-Site-Safety-1/test/images/004063_jpg.rf.feafec0025c293c6c552d50bc74a78c4.jpg,004063_jpg.rf.feafec0025c293c6c552d50bc74a78c4.jpg,Florence-2,hard hat,,hard hat,1.0,1.0,223.0,225.0,236.0,236.0
/content/Construction-Site-Safety-1/test/images/004063_jpg.rf.feafec0025c293c6c552d50bc74a78c4.jpg,004063_jpg.rf.feafec0025c293c6c552d50bc74a78c4.jpg,Florence-2,head,,head,,1.0,60.0,112.0,104.0,154.0
/content/Construction-Site-Safety-1/test/images/004063_jpg.rf.feafec0025c293c6c552d50bc74a78c4.jpg,004063_jpg.rf.feafec0025c293c6c552d50bc74a78c4.jpg,Florence-2,head,,head,,1.0,164.0,144.0,189.0,166.0
/content/Construction-Site-Safety-1/test/images/004063_jpg.rf.feafec0025c293c6c552d50bc74a78c4.jpg,004063_jpg.rf.feafec0025c293c6c552d50bc74a78c4.jpg,Florence-2,head,,head,,1.0,358.0,207.0,376.0,221.0
/content/Construction-Site-Safety-1/test/images/004063_jpg.rf.feafec0025c293c6c552d50bc74a78c4.jpg,004063_jpg.rf.feafec0025c293c6c552d50bc74a78c4.jpg,Florence-2,head,,head,,1.0,223.0,225.0,236.0,237.0
/content/Construction-Site-Safety-1/test/images/002878_jpg.rf.052be4cceb36f3f59b8a3319d5aff0a7.jpg,002878_jpg.rf.052be4cceb36f3f59b8a3319d5aff0a7.jpg,Florence-2,person,,person,0.0,1.0,150.0,75.0,345.0,313.0
/content/Construction-Site-Safety-1/test/images/002878_jpg.rf.052be4cceb36f3f59b8a3319d5aff0a7.jpg,002878_jpg.rf.052be4cceb36f3f59b8a3319d5aff0a7.jpg,Florence-2,hard hat,,hard hat,1.0,1.0,230.0,75.0,321.0,145.0
/content/Construction-Site-Safety-1/test/images/002878_jpg.rf.052be4cceb36f3f59b8a3319d5aff0a7.jpg,002878_jpg.rf.052be4cceb36f3f59b8a3319d5aff0a7.jpg,Florence-2,head,,head,,1.0,230.0,75.0,322.0,192.0
/content/Construction-Site-Safety-1/test/images/002878_jpg.rf.052be4cceb36f3f59b8a3319d5aff0a7.jpg,002878_jpg.rf.052be4cceb36f3f59b8a3319d5aff0a7.jpg,Florence-2,head,,head,,1.0,231.0,75.0,322.0,145.0
/content/Construction-Site-Safety-1/test/images/-776-_png_jpg.rf.e370111378fe378ae90bd26a2d543a22.jpg,-776-_png_jpg.rf.e370111378fe378ae90bd26a2d543a22.jpg,Florence-2,person,,person,0.0,1.0,125.0,116.0,295.0,399.0
/content/Construction-Site-Safety-1/test/images/-776-_png_jpg.rf.e370111378fe378ae90bd26a2d543a22.jpg,-776-_png_jpg.rf.e370111378fe378ae90bd26a2d543a22.jpg,Florence-2,hard hat,,hard hat,1.0,1.0,189.0,116.0,249.0,182.0
/content/Construction-Site-Safety-1/test/images/-776-_png_jpg.rf.e370111378fe378ae90bd26a2d543a22.jpg,-776-_png_jpg.rf.e370111378fe378ae90bd26a2d543a22.jpg,Florence-2,head,,head,,1.0,188.0,116.0,248.0,182.0
/content/Construction-Site-Safety-1/test/images/-3088-_png_jpg.rf.02a3032754095ee7e083ef54c2f8a8fc.jpg,-3088-_png_jpg.rf.02a3032754095ee7e083ef54c2f8a8fc.jpg,Florence-2,person,,person,0.0,1.0,28.0,103.0,122.0,245.0
/content/Construction-Site-Safety-1/test/images/-3088-_png_jpg.rf.02a3032754095ee7e083ef54c2f8a8fc.jpg,-3088-_png_jpg.rf.02a3032754095ee7e083ef54c2f8a8fc.jpg,Florence-2,person,,person,0.0,1.0,131.0,276.0,210.0,412.0
/content/Construction-Site-Safety-1/test/images/-3088-_png_jpg.rf.02a3032754095ee7e083ef54c2f8a8fc.jpg,-3088-_png_jpg.rf.02a3032754095ee7e083ef54c2f8a8fc.jpg,Florence-2,hard hat,,hard hat,1.0,1.0,72.0,103.0,107.0,135.0
/content/Construction-Site-Safety-1/test/images/-3088-_png_jpg.rf.02a3032754095ee7e083ef54c2f8a8fc.jpg,-3088-_png_jpg.rf.02a3032754095ee7e083ef54c2f8a8fc.jpg,Florence-2,hard hat,,hard hat,1.0,1.0,172.0,276.0,196.0,300.0
/content/Construction-Site-Safety-1/test/images/-3088-_png_jpg.rf.02a3032754095ee7e083ef54c2f8a8fc.jpg,-3088-_png_jpg.rf.02a3032754095ee7e083ef54c2f8a8fc.jpg,Florence-2,head,,head,,1.0,72.0,103.0,107.0,136.0
/content/Construction-Site-Safety-1/test/images/-3088-_png_jpg.rf.02a3032754095ee7e083ef54c2f8a8fc.jpg,-3088-_png_jpg.rf.02a3032754095ee7e083ef54c2f8a8fc.jpg,Florence-2,head,,head,,1.0,172.0,276.0,195.0,301.0
/content/Construction-Site-Safety-1/test/images/-3251-_png_jpg.rf.d40dddbe5275afe320347be664f32247.jpg,-3251-_png_jpg.rf.d40dddbe5275afe320347be664f32247.jpg,Florence-2,person,,person,0.0,1.0,181.0,149.0,322.0,366.0
/content/Construction-Site-Safety-1/test/images/-3251-_png_jpg.rf.d40dddbe5275afe320347be664f32247.jpg,-3251-_png_jpg.rf.d40dddbe5275afe320347be664f32247.jpg,Florence-2,hard hat,,hard hat,1.0,1.0,230.0,150.0,273.0,174.0
/content/Construction-Site-Safety-1/test/images/-3251-_png_jpg.rf.d40dddbe5275afe320347be664f32247.jpg,-3251-_png_jpg.rf.d40dddbe5275afe320347be664f32247.jpg,Florence-2,head,,head,,1.0,230.0,150.0,274.0,196.0
/content/Construction-Site-Safety-1/test/images/-1421-_png_jpg.rf.6edc16c47ec9434b905922baa23ebe02.jpg,-1421-_png_jpg.rf.6edc16c47ec9434b905922baa23ebe02.jpg,Florence-2,person,,person,0.0,1.0,122.0,85.0,294.0,415.0
/content/Construction-Site-Safety-1/test/images/-1421-_png_jpg.rf.6edc16c47ec9434b905922baa23ebe02.jpg,-1421-_png_jpg.rf.6edc16c47ec9434b905922baa23ebe02.jpg,Florence-2,hard hat,,hard hat,1.0,1.0,176.0,85.0,246.0,162.0
/content/Construction-Site-Safety-1/test/images/-1421-_png_jpg.rf.6edc16c47ec9434b905922baa23ebe02.jpg,-1421-_png_jpg.rf.6edc16c47ec9434b905922baa23ebe02.jpg,Florence-2,head,,head,,1.0,176.0,85.0,246.0,162.0
